{
  "bodyType": "male",
  "dimensions": {
    "width": 832,
    "height": 3456
  },
  "selections": [
    {
      "itemId": "body",
      "typeName": "body",
      "variant": "amber"
    },
    {
      "itemId": "heads_human_male",
      "typeName": "head",
      "variant": "amber"
    },
    {
      "itemId": "face_neutral",
      "typeName": "expression",
      "variant": "amber"
    },
    {
      "itemId": "hair_plain",
      "typeName": "hair",
      "variant": "black"
    },
    {
      "itemId": "torso_clothes_tshirt",
      "typeName": "clothes",
      "variant": "teal"
    },
    {
      "itemId": "legs_shorts",
      "typeName": "legs",
      "variant": "walnut"
    },
    {
      "itemId": "feet_shoes_basic",
      "typeName": "shoes",
      "variant": "leather"
    },
    {
      "itemId": "shadow",
      "typeName": "shadow",
      "variant": "shadow"
    }
  ],
  "layers": [
    {
      "itemId": "shadow",
      "typeName": "shadow",
      "variant": "shadow",
      "layerKey": "layer_1",
      "layerNum": 1,
      "zPos": 0,
      "animations": [
        {
          "animation": "spellcast",
          "yOffset": 0,
          "path": "spritesheets/shadow/adult/spellcast/shadow.png"
        },
        {
          "animation": "thrust",
          "yOffset": 256,
          "path": "spritesheets/shadow/adult/thrust/shadow.png"
        },
        {
          "animation": "walk",
          "yOffset": 512,
          "path": "spritesheets/shadow/adult/walk/shadow.png"
        },
        {
          "animation": "slash",
          "yOffset": 768,
          "path": "spritesheets/shadow/adult/slash/shadow.png"
        },
        {
          "animation": "shoot",
          "yOffset": 1024,
          "path": "spritesheets/shadow/adult/shoot/shadow.png"
        },
        {
          "animation": "hurt",
          "yOffset": 1280,
          "path": "spritesheets/shadow/adult/hurt/shadow.png"
        }
      ]
    },
    {
      "itemId": "body",
      "typeName": "body",
      "variant": "amber",
      "layerKey": "layer_1",
      "layerNum": 1,
      "zPos": 10,
      "animations": [
        {
          "animation": "spellcast",
          "yOffset": 0,
          "path": "spritesheets/body/bodies/male/spellcast/amber.png"
        },
        {
          "animation": "thrust",
          "yOffset": 256,
          "path": "spritesheets/body/bodies/male/thrust/amber.png"
        },
        {
          "animation": "walk",
          "yOffset": 512,
          "path": "spritesheets/body/bodies/male/walk/amber.png"
        },
        {
          "animation": "slash",
          "yOffset": 768,
          "path": "spritesheets/body/bodies/male/slash/amber.png"
        },
        {
          "animation": "shoot",
          "yOffset": 1024,
          "path": "spritesheets/body/bodies/male/shoot/amber.png"
        },
        {
          "animation": "hurt",
          "yOffset": 1280,
          "path": "spritesheets/body/bodies/male/hurt/amber.png"
        },
        {
          "animation": "climb",
          "yOffset": 1344,
          "path": "spritesheets/body/bodies/male/climb/amber.png"
        },
        {
          "animation": "idle",
          "yOffset": 1408,
          "path": "spritesheets/body/bodies/male/idle/amber.png"
        },
        {
          "animation": "jump",
          "yOffset": 1664,
          "path": "spritesheets/body/bodies/male/jump/amber.png"
        },
        {
          "animation": "sit",
          "yOffset": 1920,
          "path": "spritesheets/body/bodies/male/sit/amber.png"
        },
        {
          "animation": "emote",
          "yOffset": 2176,
          "path": "spritesheets/body/bodies/male/emote/amber.png"
        },
        {
          "animation": "run",
          "yOffset": 2432,
          "path": "spritesheets/body/bodies/male/run/amber.png"
        },
        {
          "animation": "combat_idle",
          "yOffset": 2688,
          "path": "spritesheets/body/bodies/male/combat_idle/amber.png"
        },
        {
          "animation": "backslash",
          "yOffset": 2944,
          "path": "spritesheets/body/bodies/male/backslash/amber.png"
        },
        {
          "animation": "halfslash",
          "yOffset": 3200,
          "path": "spritesheets/body/bodies/male/halfslash/amber.png"
        }
      ]
    },
    {
      "itemId": "feet_shoes_basic",
      "typeName": "shoes",
      "variant": "leather",
      "layerKey": "layer_1",
      "layerNum": 1,
      "zPos": 15,
      "animations": [
        {
          "animation": "spellcast",
          "yOffset": 0,
          "path": "spritesheets/feet/shoes/basic/male/spellcast/leather.png"
        },
        {
          "animation": "thrust",
          "yOffset": 256,
          "path": "spritesheets/feet/shoes/basic/male/thrust/leather.png"
        },
        {
          "animation": "walk",
          "yOffset": 512,
          "path": "spritesheets/feet/shoes/basic/male/walk/leather.png"
        },
        {
          "animation": "slash",
          "yOffset": 768,
          "path": "spritesheets/feet/shoes/basic/male/slash/leather.png"
        },
        {
          "animation": "shoot",
          "yOffset": 1024,
          "path": "spritesheets/feet/shoes/basic/male/shoot/leather.png"
        },
        {
          "animation": "hurt",
          "yOffset": 1280,
          "path": "spritesheets/feet/shoes/basic/male/hurt/leather.png"
        },
        {
          "animation": "climb",
          "yOffset": 1344,
          "path": "spritesheets/feet/shoes/basic/male/climb/leather.png"
        },
        {
          "animation": "idle",
          "yOffset": 1408,
          "path": "spritesheets/feet/shoes/basic/male/idle/leather.png"
        },
        {
          "animation": "jump",
          "yOffset": 1664,
          "path": "spritesheets/feet/shoes/basic/male/jump/leather.png"
        },
        {
          "animation": "sit",
          "yOffset": 1920,
          "path": "spritesheets/feet/shoes/basic/male/sit/leather.png"
        },
        {
          "animation": "emote",
          "yOffset": 2176,
          "path": "spritesheets/feet/shoes/basic/male/emote/leather.png"
        },
        {
          "animation": "run",
          "yOffset": 2432,
          "path": "spritesheets/feet/shoes/basic/male/run/leather.png"
        },
        {
          "animation": "combat_idle",
          "yOffset": 2688,
          "path": "spritesheets/feet/shoes/basic/male/combat_idle/leather.png"
        },
        {
          "animation": "backslash",
          "yOffset": 2944,
          "path": "spritesheets/feet/shoes/basic/male/backslash/leather.png"
        },
        {
          "animation": "halfslash",
          "yOffset": 3200,
          "path": "spritesheets/feet/shoes/basic/male/halfslash/leather.png"
        }
      ]
    },
    {
      "itemId": "legs_shorts",
      "typeName": "legs",
      "variant": "walnut",
      "layerKey": "layer_1",
      "layerNum": 1,
      "zPos": 20,
      "animations": [
        {
          "animation": "spellcast",
          "yOffset": 0,
          "path": "spritesheets/legs/shorts/shorts/male/spellcast/walnut.png"
        },
        {
          "animation": "thrust",
          "yOffset": 256,
          "path": "spritesheets/legs/shorts/shorts/male/thrust/walnut.png"
        },
        {
          "animation": "walk",
          "yOffset": 512,
          "path": "spritesheets/legs/shorts/shorts/male/walk/walnut.png"
        },
        {
          "animation": "slash",
          "yOffset": 768,
          "path": "spritesheets/legs/shorts/shorts/male/slash/walnut.png"
        },
        {
          "animation": "shoot",
          "yOffset": 1024,
          "path": "spritesheets/legs/shorts/shorts/male/shoot/walnut.png"
        },
        {
          "animation": "hurt",
          "yOffset": 1280,
          "path": "spritesheets/legs/shorts/shorts/male/hurt/walnut.png"
        },
        {
          "animation": "climb",
          "yOffset": 1344,
          "path": "spritesheets/legs/shorts/shorts/male/climb/walnut.png"
        },
        {
          "animation": "idle",
          "yOffset": 1408,
          "path": "spritesheets/legs/shorts/shorts/male/idle/walnut.png"
        },
        {
          "animation": "jump",
          "yOffset": 1664,
          "path": "spritesheets/legs/shorts/shorts/male/jump/walnut.png"
        },
        {
          "animation": "sit",
          "yOffset": 1920,
          "path": "spritesheets/legs/shorts/shorts/male/sit/walnut.png"
        },
        {
          "animation": "emote",
          "yOffset": 2176,
          "path": "spritesheets/legs/shorts/shorts/male/emote/walnut.png"
        },
        {
          "animation": "run",
          "yOffset": 2432,
          "path": "spritesheets/legs/shorts/shorts/male/run/walnut.png"
        },
        {
          "animation": "combat_idle",
          "yOffset": 2688,
          "path": "spritesheets/legs/shorts/shorts/male/combat_idle/walnut.png"
        },
        {
          "animation": "backslash",
          "yOffset": 2944,
          "path": "spritesheets/legs/shorts/shorts/male/backslash/walnut.png"
        },
        {
          "animation": "halfslash",
          "yOffset": 3200,
          "path": "spritesheets/legs/shorts/shorts/male/halfslash/walnut.png"
        }
      ]
    },
    {
      "itemId": "torso_clothes_tshirt",
      "typeName": "clothes",
      "variant": "teal",
      "layerKey": "layer_1",
      "layerNum": 1,
      "zPos": 35,
      "animations": [
        {
          "animation": "spellcast",
          "yOffset": 0,
          "path": "spritesheets/torso/clothes/shortsleeve/tshirt/male/spellcast/teal.png"
        },
        {
          "animation": "thrust",
          "yOffset": 256,
          "path": "spritesheets/torso/clothes/shortsleeve/tshirt/male/thrust/teal.png"
        },
        {
          "animation": "walk",
          "yOffset": 512,
          "path": "spritesheets/torso/clothes/shortsleeve/tshirt/male/walk/teal.png"
        },
        {
          "animation": "slash",
          "yOffset": 768,
          "path": "spritesheets/torso/clothes/shortsleeve/tshirt/male/slash/teal.png"
        },
        {
          "animation": "shoot",
          "yOffset": 1024,
          "path": "spritesheets/torso/clothes/shortsleeve/tshirt/male/shoot/teal.png"
        },
        {
          "animation": "hurt",
          "yOffset": 1280,
          "path": "spritesheets/torso/clothes/shortsleeve/tshirt/male/hurt/teal.png"
        },
        {
          "animation": "climb",
          "yOffset": 1344,
          "path": "spritesheets/torso/clothes/shortsleeve/tshirt/male/climb/teal.png"
        },
        {
          "animation": "idle",
          "yOffset": 1408,
          "path": "spritesheets/torso/clothes/shortsleeve/tshirt/male/idle/teal.png"
        },
        {
          "animation": "jump",
          "yOffset": 1664,
          "path": "spritesheets/torso/clothes/shortsleeve/tshirt/male/jump/teal.png"
        },
        {
          "animation": "sit",
          "yOffset": 1920,
          "path": "spritesheets/torso/clothes/shortsleeve/tshirt/male/sit/teal.png"
        },
        {
          "animation": "emote",
          "yOffset": 2176,
          "path": "spritesheets/torso/clothes/shortsleeve/tshirt/male/emote/teal.png"
        },
        {
          "animation": "run",
          "yOffset": 2432,
          "path": "spritesheets/torso/clothes/shortsleeve/tshirt/male/run/teal.png"
        },
        {
          "animation": "combat_idle",
          "yOffset": 2688,
          "path": "spritesheets/torso/clothes/shortsleeve/tshirt/male/combat_idle/teal.png"
        },
        {
          "animation": "backslash",
          "yOffset": 2944,
          "path": "spritesheets/torso/clothes/shortsleeve/tshirt/male/backslash/teal.png"
        },
        {
          "animation": "halfslash",
          "yOffset": 3200,
          "path": "spritesheets/torso/clothes/shortsleeve/tshirt/male/halfslash/teal.png"
        }
      ]
    },
    {
      "itemId": "heads_human_male",
      "typeName": "head",
      "variant": "amber",
      "layerKey": "layer_1",
      "layerNum": 1,
      "zPos": 100,
      "animations": [
        {
          "animation": "spellcast",
          "yOffset": 0,
          "path": "spritesheets/head/heads/human/male/spellcast/amber.png"
        },
        {
          "animation": "thrust",
          "yOffset": 256,
          "path": "spritesheets/head/heads/human/male/thrust/amber.png"
        },
        {
          "animation": "walk",
          "yOffset": 512,
          "path": "spritesheets/head/heads/human/male/walk/amber.png"
        },
        {
          "animation": "slash",
          "yOffset": 768,
          "path": "spritesheets/head/heads/human/male/slash/amber.png"
        },
        {
          "animation": "shoot",
          "yOffset": 1024,
          "path": "spritesheets/head/heads/human/male/shoot/amber.png"
        },
        {
          "animation": "hurt",
          "yOffset": 1280,
          "path": "spritesheets/head/heads/human/male/hurt/amber.png"
        },
        {
          "animation": "climb",
          "yOffset": 1344,
          "path": "spritesheets/head/heads/human/male/climb/amber.png"
        },
        {
          "animation": "idle",
          "yOffset": 1408,
          "path": "spritesheets/head/heads/human/male/idle/amber.png"
        },
        {
          "animation": "jump",
          "yOffset": 1664,
          "path": "spritesheets/head/heads/human/male/jump/amber.png"
        },
        {
          "animation": "sit",
          "yOffset": 1920,
          "path": "spritesheets/head/heads/human/male/sit/amber.png"
        },
        {
          "animation": "emote",
          "yOffset": 2176,
          "path": "spritesheets/head/heads/human/male/emote/amber.png"
        },
        {
          "animation": "run",
          "yOffset": 2432,
          "path": "spritesheets/head/heads/human/male/run/amber.png"
        },
        {
          "animation": "combat_idle",
          "yOffset": 2688,
          "path": "spritesheets/head/heads/human/male/combat_idle/amber.png"
        },
        {
          "animation": "backslash",
          "yOffset": 2944,
          "path": "spritesheets/head/heads/human/male/backslash/amber.png"
        },
        {
          "animation": "halfslash",
          "yOffset": 3200,
          "path": "spritesheets/head/heads/human/male/halfslash/amber.png"
        }
      ]
    },
    {
      "itemId": "face_neutral",
      "typeName": "expression",
      "variant": "amber",
      "layerKey": "layer_1",
      "layerNum": 1,
      "zPos": 101,
      "animations": [
        {
          "animation": "spellcast",
          "yOffset": 0,
          "path": "spritesheets/head/faces/male/neutral/spellcast/amber.png"
        },
        {
          "animation": "thrust",
          "yOffset": 256,
          "path": "spritesheets/head/faces/male/neutral/thrust/amber.png"
        },
        {
          "animation": "walk",
          "yOffset": 512,
          "path": "spritesheets/head/faces/male/neutral/walk/amber.png"
        },
        {
          "animation": "slash",
          "yOffset": 768,
          "path": "spritesheets/head/faces/male/neutral/slash/amber.png"
        },
        {
          "animation": "shoot",
          "yOffset": 1024,
          "path": "spritesheets/head/faces/male/neutral/shoot/amber.png"
        },
        {
          "animation": "idle",
          "yOffset": 1408,
          "path": "spritesheets/head/faces/male/neutral/idle/amber.png"
        },
        {
          "animation": "jump",
          "yOffset": 1664,
          "path": "spritesheets/head/faces/male/neutral/jump/amber.png"
        },
        {
          "animation": "sit",
          "yOffset": 1920,
          "path": "spritesheets/head/faces/male/neutral/sit/amber.png"
        },
        {
          "animation": "emote",
          "yOffset": 2176,
          "path": "spritesheets/head/faces/male/neutral/emote/amber.png"
        },
        {
          "animation": "run",
          "yOffset": 2432,
          "path": "spritesheets/head/faces/male/neutral/run/amber.png"
        },
        {
          "animation": "combat_idle",
          "yOffset": 2688,
          "path": "spritesheets/head/faces/male/neutral/combat_idle/amber.png"
        },
        {
          "animation": "backslash",
          "yOffset": 2944,
          "path": "spritesheets/head/faces/male/neutral/backslash/amber.png"
        },
        {
          "animation": "halfslash",
          "yOffset": 3200,
          "path": "spritesheets/head/faces/male/neutral/halfslash/amber.png"
        }
      ]
    },
    {
      "itemId": "hair_plain",
      "typeName": "hair",
      "variant": "black",
      "layerKey": "layer_1",
      "layerNum": 1,
      "zPos": 120,
      "animations": [
        {
          "animation": "spellcast",
          "yOffset": 0,
          "path": "spritesheets/hair/plain/adult/spellcast/black.png"
        },
        {
          "animation": "thrust",
          "yOffset": 256,
          "path": "spritesheets/hair/plain/adult/thrust/black.png"
        },
        {
          "animation": "walk",
          "yOffset": 512,
          "path": "spritesheets/hair/plain/adult/walk/black.png"
        },
        {
          "animation": "slash",
          "yOffset": 768,
          "path": "spritesheets/hair/plain/adult/slash/black.png"
        },
        {
          "animation": "shoot",
          "yOffset": 1024,
          "path": "spritesheets/hair/plain/adult/shoot/black.png"
        },
        {
          "animation": "hurt",
          "yOffset": 1280,
          "path": "spritesheets/hair/plain/adult/hurt/black.png"
        },
        {
          "animation": "climb",
          "yOffset": 1344,
          "path": "spritesheets/hair/plain/adult/climb/black.png"
        },
        {
          "animation": "idle",
          "yOffset": 1408,
          "path": "spritesheets/hair/plain/adult/idle/black.png"
        },
        {
          "animation": "jump",
          "yOffset": 1664,
          "path": "spritesheets/hair/plain/adult/jump/black.png"
        },
        {
          "animation": "sit",
          "yOffset": 1920,
          "path": "spritesheets/hair/plain/adult/sit/black.png"
        },
        {
          "animation": "emote",
          "yOffset": 2176,
          "path": "spritesheets/hair/plain/adult/emote/black.png"
        },
        {
          "animation": "run",
          "yOffset": 2432,
          "path": "spritesheets/hair/plain/adult/run/black.png"
        },
        {
          "animation": "combat_idle",
          "yOffset": 2688,
          "path": "spritesheets/hair/plain/adult/combat_idle/black.png"
        },
        {
          "animation": "backslash",
          "yOffset": 2944,
          "path": "spritesheets/hair/plain/adult/backslash/black.png"
        },
        {
          "animation": "halfslash",
          "yOffset": 3200,
          "path": "spritesheets/hair/plain/adult/halfslash/black.png"
        }
      ]
    }
  ],
  "customAnimations": [],
  "customLayers": []
}
