{
  "bodyType": "male",
  "dimensions": {
    "width": 832,
    "height": 3456
  },
  "selections": [
    {
      "itemId": "body",
      "typeName": "body",
      "variant": "light"
    },
    {
      "itemId": "heads_human_male",
      "typeName": "head",
      "variant": "light"
    },
    {
      "itemId": "face_neutral",
      "typeName": "expression",
      "variant": "light"
    },
    {
      "itemId": "hair_plain",
      "typeName": "hair",
      "variant": "dark brown"
    },
    {
      "itemId": "torso_clothes_tshirt",
      "typeName": "clothes",
      "variant": "forest"
    },
    {
      "itemId": "legs_shorts",
      "typeName": "legs",
      "variant": "navy"
    },
    {
      "itemId": "feet_shoes_basic",
      "typeName": "shoes",
      "variant": "black"
    },
    {
      "itemId": "shadow",
      "typeName": "shadow",
      "variant": "shadow"
    }
  ],
  "layers": [
    {
      "itemId": "shadow",
      "typeName": "shadow",
      "variant": "shadow",
      "layerKey": "layer_1",
      "layerNum": 1,
      "zPos": 0,
      "animations": [
        {
          "animation": "spellcast",
          "yOffset": 0,
          "path": "spritesheets/shadow/adult/spellcast/shadow.png"
        },
        {
          "animation": "thrust",
          "yOffset": 256,
          "path": "spritesheets/shadow/adult/thrust/shadow.png"
        },
        {
          "animation": "walk",
          "yOffset": 512,
          "path": "spritesheets/shadow/adult/walk/shadow.png"
        },
        {
          "animation": "slash",
          "yOffset": 768,
          "path": "spritesheets/shadow/adult/slash/shadow.png"
        },
        {
          "animation": "shoot",
          "yOffset": 1024,
          "path": "spritesheets/shadow/adult/shoot/shadow.png"
        },
        {
          "animation": "hurt",
          "yOffset": 1280,
          "path": "spritesheets/shadow/adult/hurt/shadow.png"
        }
      ]
    },
    {
      "itemId": "body",
      "typeName": "body",
      "variant": "light",
      "layerKey": "layer_1",
      "layerNum": 1,
      "zPos": 10,
      "animations": [
        {
          "animation": "spellcast",
          "yOffset": 0,
          "path": "spritesheets/body/bodies/male/spellcast/light.png"
        },
        {
          "animation": "thrust",
          "yOffset": 256,
          "path": "spritesheets/body/bodies/male/thrust/light.png"
        },
        {
          "animation": "walk",
          "yOffset": 512,
          "path": "spritesheets/body/bodies/male/walk/light.png"
        },
        {
          "animation": "slash",
          "yOffset": 768,
          "path": "spritesheets/body/bodies/male/slash/light.png"
        },
        {
          "animation": "shoot",
          "yOffset": 1024,
          "path": "spritesheets/body/bodies/male/shoot/light.png"
        },
        {
          "animation": "hurt",
          "yOffset": 1280,
          "path": "spritesheets/body/bodies/male/hurt/light.png"
        },
        {
          "animation": "climb",
          "yOffset": 1344,
          "path": "spritesheets/body/bodies/male/climb/light.png"
        },
        {
          "animation": "idle",
          "yOffset": 1408,
          "path": "spritesheets/body/bodies/male/idle/light.png"
        },
        {
          "animation": "jump",
          "yOffset": 1664,
          "path": "spritesheets/body/bodies/male/jump/light.png"
        },
        {
          "animation": "sit",
          "yOffset": 1920,
          "path": "spritesheets/body/bodies/male/sit/light.png"
        },
        {
          "animation": "emote",
          "yOffset": 2176,
          "path": "spritesheets/body/bodies/male/emote/light.png"
        },
        {
          "animation": "run",
          "yOffset": 2432,
          "path": "spritesheets/body/bodies/male/run/light.png"
        },
        {
          "animation": "combat_idle",
          "yOffset": 2688,
          "path": "spritesheets/body/bodies/male/combat_idle/light.png"
        },
        {
          "animation": "backslash",
          "yOffset": 2944,
          "path": "spritesheets/body/bodies/male/backslash/light.png"
        },
        {
          "animation": "halfslash",
          "yOffset": 3200,
          "path": "spritesheets/body/bodies/male/halfslash/light.png"
        }
      ]
    },
    {
      "itemId": "feet_shoes_basic",
      "typeName": "shoes",
      "variant": "black",
      "layerKey": "layer_1",
      "layerNum": 1,
      "zPos": 15,
      "animations": [
        {
          "animation": "spellcast",
          "yOffset": 0,
          "path": "spritesheets/feet/shoes/basic/male/spellcast/black.png"
        },
        {
          "animation": "thrust",
          "yOffset": 256,
          "path": "spritesheets/feet/shoes/basic/male/thrust/black.png"
        },
        {
          "animation": "walk",
          "yOffset": 512,
          "path": "spritesheets/feet/shoes/basic/male/walk/black.png"
        },
        {
          "animation": "slash",
          "yOffset": 768,
          "path": "spritesheets/feet/shoes/basic/male/slash/black.png"
        },
        {
          "animation": "shoot",
          "yOffset": 1024,
          "path": "spritesheets/feet/shoes/basic/male/shoot/black.png"
        },
        {
          "animation": "hurt",
          "yOffset": 1280,
          "path": "spritesheets/feet/shoes/basic/male/hurt/black.png"
        },
        {
          "animation": "climb",
          "yOffset": 1344,
          "path": "spritesheets/feet/shoes/basic/male/climb/black.png"
        },
        {
          "animation": "idle",
          "yOffset": 1408,
          "path": "spritesheets/feet/shoes/basic/male/idle/black.png"
        },
        {
          "animation": "jump",
          "yOffset": 1664,
          "path": "spritesheets/feet/shoes/basic/male/jump/black.png"
        },
        {
          "animation": "sit",
          "yOffset": 1920,
          "path": "spritesheets/feet/shoes/basic/male/sit/black.png"
        },
        {
          "animation": "emote",
          "yOffset": 2176,
          "path": "spritesheets/feet/shoes/basic/male/emote/black.png"
        },
        {
          "animation": "run",
          "yOffset": 2432,
          "path": "spritesheets/feet/shoes/basic/male/run/black.png"
        },
        {
          "animation": "combat_idle",
          "yOffset": 2688,
          "path": "spritesheets/feet/shoes/basic/male/combat_idle/black.png"
        },
        {
          "animation": "backslash",
          "yOffset": 2944,
          "path": "spritesheets/feet/shoes/basic/male/backslash/black.png"
        },
        {
          "animation": "halfslash",
          "yOffset": 3200,
          "path": "spritesheets/feet/shoes/basic/male/halfslash/black.png"
        }
      ]
    },
    {
      "itemId": "legs_shorts",
      "typeName": "legs",
      "variant": "navy",
      "layerKey": "layer_1",
      "layerNum": 1,
      "zPos": 20,
      "animations": [
        {
          "animation": "spellcast",
          "yOffset": 0,
          "path": "spritesheets/legs/shorts/shorts/male/spellcast/navy.png"
        },
        {
          "animation": "thrust",
          "yOffset": 256,
          "path": "spritesheets/legs/shorts/shorts/male/thrust/navy.png"
        },
        {
          "animation": "walk",
          "yOffset": 512,
          "path": "spritesheets/legs/shorts/shorts/male/walk/navy.png"
        },
        {
          "animation": "slash",
          "yOffset": 768,
          "path": "spritesheets/legs/shorts/shorts/male/slash/navy.png"
        },
        {
          "animation": "shoot",
          "yOffset": 1024,
          "path": "spritesheets/legs/shorts/shorts/male/shoot/navy.png"
        },
        {
          "animation": "hurt",
          "yOffset": 1280,
          "path": "spritesheets/legs/shorts/shorts/male/hurt/navy.png"
        },
        {
          "animation": "climb",
          "yOffset": 1344,
          "path": "spritesheets/legs/shorts/shorts/male/climb/navy.png"
        },
        {
          "animation": "idle",
          "yOffset": 1408,
          "path": "spritesheets/legs/shorts/shorts/male/idle/navy.png"
        },
        {
          "animation": "jump",
          "yOffset": 1664,
          "path": "spritesheets/legs/shorts/shorts/male/jump/navy.png"
        },
        {
          "animation": "sit",
          "yOffset": 1920,
          "path": "spritesheets/legs/shorts/shorts/male/sit/navy.png"
        },
        {
          "animation": "emote",
          "yOffset": 2176,
          "path": "spritesheets/legs/shorts/shorts/male/emote/navy.png"
        },
        {
          "animation": "run",
          "yOffset": 2432,
          "path": "spritesheets/legs/shorts/shorts/male/run/navy.png"
        },
        {
          "animation": "combat_idle",
          "yOffset": 2688,
          "path": "spritesheets/legs/shorts/shorts/male/combat_idle/navy.png"
        },
        {
          "animation": "backslash",
          "yOffset": 2944,
          "path": "spritesheets/legs/shorts/shorts/male/backslash/navy.png"
        },
        {
          "animation": "halfslash",
          "yOffset": 3200,
          "path": "spritesheets/legs/shorts/shorts/male/halfslash/navy.png"
        }
      ]
    },
    {
      "itemId": "torso_clothes_tshirt",
      "typeName": "clothes",
      "variant": "forest",
      "layerKey": "layer_1",
      "layerNum": 1,
      "zPos": 35,
      "animations": [
        {
          "animation": "spellcast",
          "yOffset": 0,
          "path": "spritesheets/torso/clothes/shortsleeve/tshirt/male/spellcast/forest.png"
        },
        {
          "animation": "thrust",
          "yOffset": 256,
          "path": "spritesheets/torso/clothes/shortsleeve/tshirt/male/thrust/forest.png"
        },
        {
          "animation": "walk",
          "yOffset": 512,
          "path": "spritesheets/torso/clothes/shortsleeve/tshirt/male/walk/forest.png"
        },
        {
          "animation": "slash",
          "yOffset": 768,
          "path": "spritesheets/torso/clothes/shortsleeve/tshirt/male/slash/forest.png"
        },
        {
          "animation": "shoot",
          "yOffset": 1024,
          "path": "spritesheets/torso/clothes/shortsleeve/tshirt/male/shoot/forest.png"
        },
        {
          "animation": "hurt",
          "yOffset": 1280,
          "path": "spritesheets/torso/clothes/shortsleeve/tshirt/male/hurt/forest.png"
        },
        {
          "animation": "climb",
          "yOffset": 1344,
          "path": "spritesheets/torso/clothes/shortsleeve/tshirt/male/climb/forest.png"
        },
        {
          "animation": "idle",
          "yOffset": 1408,
          "path": "spritesheets/torso/clothes/shortsleeve/tshirt/male/idle/forest.png"
        },
        {
          "animation": "jump",
          "yOffset": 1664,
          "path": "spritesheets/torso/clothes/shortsleeve/tshirt/male/jump/forest.png"
        },
        {
          "animation": "sit",
          "yOffset": 1920,
          "path": "spritesheets/torso/clothes/shortsleeve/tshirt/male/sit/forest.png"
        },
        {
          "animation": "emote",
          "yOffset": 2176,
          "path": "spritesheets/torso/clothes/shortsleeve/tshirt/male/emote/forest.png"
        },
        {
          "animation": "run",
          "yOffset": 2432,
          "path": "spritesheets/torso/clothes/shortsleeve/tshirt/male/run/forest.png"
        },
        {
          "animation": "combat_idle",
          "yOffset": 2688,
          "path": "spritesheets/torso/clothes/shortsleeve/tshirt/male/combat_idle/forest.png"
        },
        {
          "animation": "backslash",
          "yOffset": 2944,
          "path": "spritesheets/torso/clothes/shortsleeve/tshirt/male/backslash/forest.png"
        },
        {
          "animation": "halfslash",
          "yOffset": 3200,
          "path": "spritesheets/torso/clothes/shortsleeve/tshirt/male/halfslash/forest.png"
        }
      ]
    },
    {
      "itemId": "heads_human_male",
      "typeName": "head",
      "variant": "light",
      "layerKey": "layer_1",
      "layerNum": 1,
      "zPos": 100,
      "animations": [
        {
          "animation": "spellcast",
          "yOffset": 0,
          "path": "spritesheets/head/heads/human/male/spellcast/light.png"
        },
        {
          "animation": "thrust",
          "yOffset": 256,
          "path": "spritesheets/head/heads/human/male/thrust/light.png"
        },
        {
          "animation": "walk",
          "yOffset": 512,
          "path": "spritesheets/head/heads/human/male/walk/light.png"
        },
        {
          "animation": "slash",
          "yOffset": 768,
          "path": "spritesheets/head/heads/human/male/slash/light.png"
        },
        {
          "animation": "shoot",
          "yOffset": 1024,
          "path": "spritesheets/head/heads/human/male/shoot/light.png"
        },
        {
          "animation": "hurt",
          "yOffset": 1280,
          "path": "spritesheets/head/heads/human/male/hurt/light.png"
        },
        {
          "animation": "climb",
          "yOffset": 1344,
          "path": "spritesheets/head/heads/human/male/climb/light.png"
        },
        {
          "animation": "idle",
          "yOffset": 1408,
          "path": "spritesheets/head/heads/human/male/idle/light.png"
        },
        {
          "animation": "jump",
          "yOffset": 1664,
          "path": "spritesheets/head/heads/human/male/jump/light.png"
        },
        {
          "animation": "sit",
          "yOffset": 1920,
          "path": "spritesheets/head/heads/human/male/sit/light.png"
        },
        {
          "animation": "emote",
          "yOffset": 2176,
          "path": "spritesheets/head/heads/human/male/emote/light.png"
        },
        {
          "animation": "run",
          "yOffset": 2432,
          "path": "spritesheets/head/heads/human/male/run/light.png"
        },
        {
          "animation": "combat_idle",
          "yOffset": 2688,
          "path": "spritesheets/head/heads/human/male/combat_idle/light.png"
        },
        {
          "animation": "backslash",
          "yOffset": 2944,
          "path": "spritesheets/head/heads/human/male/backslash/light.png"
        },
        {
          "animation": "halfslash",
          "yOffset": 3200,
          "path": "spritesheets/head/heads/human/male/halfslash/light.png"
        }
      ]
    },
    {
      "itemId": "face_neutral",
      "typeName": "expression",
      "variant": "light",
      "layerKey": "layer_1",
      "layerNum": 1,
      "zPos": 101,
      "animations": [
        {
          "animation": "spellcast",
          "yOffset": 0,
          "path": "spritesheets/head/faces/male/neutral/spellcast/light.png"
        },
        {
          "animation": "thrust",
          "yOffset": 256,
          "path": "spritesheets/head/faces/male/neutral/thrust/light.png"
        },
        {
          "animation": "walk",
          "yOffset": 512,
          "path": "spritesheets/head/faces/male/neutral/walk/light.png"
        },
        {
          "animation": "slash",
          "yOffset": 768,
          "path": "spritesheets/head/faces/male/neutral/slash/light.png"
        },
        {
          "animation": "shoot",
          "yOffset": 1024,
          "path": "spritesheets/head/faces/male/neutral/shoot/light.png"
        },
        {
          "animation": "idle",
          "yOffset": 1408,
          "path": "spritesheets/head/faces/male/neutral/idle/light.png"
        },
        {
          "animation": "jump",
          "yOffset": 1664,
          "path": "spritesheets/head/faces/male/neutral/jump/light.png"
        },
        {
          "animation": "sit",
          "yOffset": 1920,
          "path": "spritesheets/head/faces/male/neutral/sit/light.png"
        },
        {
          "animation": "emote",
          "yOffset": 2176,
          "path": "spritesheets/head/faces/male/neutral/emote/light.png"
        },
        {
          "animation": "run",
          "yOffset": 2432,
          "path": "spritesheets/head/faces/male/neutral/run/light.png"
        },
        {
          "animation": "combat_idle",
          "yOffset": 2688,
          "path": "spritesheets/head/faces/male/neutral/combat_idle/light.png"
        },
        {
          "animation": "backslash",
          "yOffset": 2944,
          "path": "spritesheets/head/faces/male/neutral/backslash/light.png"
        },
        {
          "animation": "halfslash",
          "yOffset": 3200,
          "path": "spritesheets/head/faces/male/neutral/halfslash/light.png"
        }
      ]
    },
    {
      "itemId": "hair_plain",
      "typeName": "hair",
      "variant": "dark brown",
      "layerKey": "layer_1",
      "layerNum": 1,
      "zPos": 120,
      "animations": [
        {
          "animation": "spellcast",
          "yOffset": 0,
          "path": "spritesheets/hair/plain/adult/spellcast/dark_brown.png"
        },
        {
          "animation": "thrust",
          "yOffset": 256,
          "path": "spritesheets/hair/plain/adult/thrust/dark_brown.png"
        },
        {
          "animation": "walk",
          "yOffset": 512,
          "path": "spritesheets/hair/plain/adult/walk/dark_brown.png"
        },
        {
          "animation": "slash",
          "yOffset": 768,
          "path": "spritesheets/hair/plain/adult/slash/dark_brown.png"
        },
        {
          "animation": "shoot",
          "yOffset": 1024,
          "path": "spritesheets/hair/plain/adult/shoot/dark_brown.png"
        },
        {
          "animation": "hurt",
          "yOffset": 1280,
          "path": "spritesheets/hair/plain/adult/hurt/dark_brown.png"
        },
        {
          "animation": "climb",
          "yOffset": 1344,
          "path": "spritesheets/hair/plain/adult/climb/dark_brown.png"
        },
        {
          "animation": "idle",
          "yOffset": 1408,
          "path": "spritesheets/hair/plain/adult/idle/dark_brown.png"
        },
        {
          "animation": "jump",
          "yOffset": 1664,
          "path": "spritesheets/hair/plain/adult/jump/dark_brown.png"
        },
        {
          "animation": "sit",
          "yOffset": 1920,
          "path": "spritesheets/hair/plain/adult/sit/dark_brown.png"
        },
        {
          "animation": "emote",
          "yOffset": 2176,
          "path": "spritesheets/hair/plain/adult/emote/dark_brown.png"
        },
        {
          "animation": "run",
          "yOffset": 2432,
          "path": "spritesheets/hair/plain/adult/run/dark_brown.png"
        },
        {
          "animation": "combat_idle",
          "yOffset": 2688,
          "path": "spritesheets/hair/plain/adult/combat_idle/dark_brown.png"
        },
        {
          "animation": "backslash",
          "yOffset": 2944,
          "path": "spritesheets/hair/plain/adult/backslash/dark_brown.png"
        },
        {
          "animation": "halfslash",
          "yOffset": 3200,
          "path": "spritesheets/hair/plain/adult/halfslash/dark_brown.png"
        }
      ]
    }
  ],
  "customAnimations": [],
  "customLayers": []
}
