{
  "bodyType": "male",
  "dimensions": {
    "width": 832,
    "height": 3456
  },
  "selections": [
    {
      "itemId": "body",
      "typeName": "body",
      "variant": "bronze"
    },
    {
      "itemId": "heads_human_male",
      "typeName": "head",
      "variant": "bronze"
    },
    {
      "itemId": "face_neutral",
      "typeName": "expression",
      "variant": "bronze"
    },
    {
      "itemId": "hair_plain",
      "typeName": "hair",
      "variant": "ginger"
    },
    {
      "itemId": "torso_clothes_tshirt",
      "typeName": "clothes",
      "variant": "red"
    },
    {
      "itemId": "legs_shorts",
      "typeName": "legs",
      "variant": "navy"
    },
    {
      "itemId": "feet_shoes_basic",
      "typeName": "shoes",
      "variant": "black"
    },
    {
      "itemId": "shadow",
      "typeName": "shadow",
      "variant": "shadow"
    }
  ],
  "layers": [
    {
      "itemId": "shadow",
      "typeName": "shadow",
      "variant": "shadow",
      "layerKey": "layer_1",
      "layerNum": 1,
      "zPos": 0,
      "animations": [
        {
          "animation": "spellcast",
          "yOffset": 0,
          "path": "spritesheets/shadow/adult/spellcast/shadow.png"
        },
        {
          "animation": "thrust",
          "yOffset": 256,
          "path": "spritesheets/shadow/adult/thrust/shadow.png"
        },
        {
          "animation": "walk",
          "yOffset": 512,
          "path": "spritesheets/shadow/adult/walk/shadow.png"
        },
        {
          "animation": "slash",
          "yOffset": 768,
          "path": "spritesheets/shadow/adult/slash/shadow.png"
        },
        {
          "animation": "shoot",
          "yOffset": 1024,
          "path": "spritesheets/shadow/adult/shoot/shadow.png"
        },
        {
          "animation": "hurt",
          "yOffset": 1280,
          "path": "spritesheets/shadow/adult/hurt/shadow.png"
        }
      ]
    },
    {
      "itemId": "body",
      "typeName": "body",
      "variant": "bronze",
      "layerKey": "layer_1",
      "layerNum": 1,
      "zPos": 10,
      "animations": [
        {
          "animation": "spellcast",
          "yOffset": 0,
          "path": "spritesheets/body/bodies/male/spellcast/bronze.png"
        },
        {
          "animation": "thrust",
          "yOffset": 256,
          "path": "spritesheets/body/bodies/male/thrust/bronze.png"
        },
        {
          "animation": "walk",
          "yOffset": 512,
          "path": "spritesheets/body/bodies/male/walk/bronze.png"
        },
        {
          "animation": "slash",
          "yOffset": 768,
          "path": "spritesheets/body/bodies/male/slash/bronze.png"
        },
        {
          "animation": "shoot",
          "yOffset": 1024,
          "path": "spritesheets/body/bodies/male/shoot/bronze.png"
        },
        {
          "animation": "hurt",
          "yOffset": 1280,
          "path": "spritesheets/body/bodies/male/hurt/bronze.png"
        },
        {
          "animation": "climb",
          "yOffset": 1344,
          "path": "spritesheets/body/bodies/male/climb/bronze.png"
        },
        {
          "animation": "idle",
          "yOffset": 1408,
          "path": "spritesheets/body/bodies/male/idle/bronze.png"
        },
        {
          "animation": "jump",
          "yOffset": 1664,
          "path": "spritesheets/body/bodies/male/jump/bronze.png"
        },
        {
          "animation": "sit",
          "yOffset": 1920,
          "path": "spritesheets/body/bodies/male/sit/bronze.png"
        },
        {
          "animation": "emote",
          "yOffset": 2176,
          "path": "spritesheets/body/bodies/male/emote/bronze.png"
        },
        {
          "animation": "run",
          "yOffset": 2432,
          "path": "spritesheets/body/bodies/male/run/bronze.png"
        },
        {
          "animation": "combat_idle",
          "yOffset": 2688,
          "path": "spritesheets/body/bodies/male/combat_idle/bronze.png"
        },
        {
          "animation": "backslash",
          "yOffset": 2944,
          "path": "spritesheets/body/bodies/male/backslash/bronze.png"
        },
        {
          "animation": "halfslash",
          "yOffset": 3200,
          "path": "spritesheets/body/bodies/male/halfslash/bronze.png"
        }
      ]
    },
    {
      "itemId": "feet_shoes_basic",
      "typeName": "shoes",
      "variant": "black",
      "layerKey": "layer_1",
      "layerNum": 1,
      "zPos": 15,
      "animations": [
        {
          "animation": "spellcast",
          "yOffset": 0,
          "path": "spritesheets/feet/shoes/basic/male/spellcast/black.png"
        },
        {
          "animation": "thrust",
          "yOffset": 256,
          "path": "spritesheets/feet/shoes/basic/male/thrust/black.png"
        },
        {
          "animation": "walk",
          "yOffset": 512,
          "path": "spritesheets/feet/shoes/basic/male/walk/black.png"
        },
        {
          "animation": "slash",
          "yOffset": 768,
          "path": "spritesheets/feet/shoes/basic/male/slash/black.png"
        },
        {
          "animation": "shoot",
          "yOffset": 1024,
          "path": "spritesheets/feet/shoes/basic/male/shoot/black.png"
        },
        {
          "animation": "hurt",
          "yOffset": 1280,
          "path": "spritesheets/feet/shoes/basic/male/hurt/black.png"
        },
        {
          "animation": "climb",
          "yOffset": 1344,
          "path": "spritesheets/feet/shoes/basic/male/climb/black.png"
        },
        {
          "animation": "idle",
          "yOffset": 1408,
          "path": "spritesheets/feet/shoes/basic/male/idle/black.png"
        },
        {
          "animation": "jump",
          "yOffset": 1664,
          "path": "spritesheets/feet/shoes/basic/male/jump/black.png"
        },
        {
          "animation": "sit",
          "yOffset": 1920,
          "path": "spritesheets/feet/shoes/basic/male/sit/black.png"
        },
        {
          "animation": "emote",
          "yOffset": 2176,
          "path": "spritesheets/feet/shoes/basic/male/emote/black.png"
        },
        {
          "animation": "run",
          "yOffset": 2432,
          "path": "spritesheets/feet/shoes/basic/male/run/black.png"
        },
        {
          "animation": "combat_idle",
          "yOffset": 2688,
          "path": "spritesheets/feet/shoes/basic/male/combat_idle/black.png"
        },
        {
          "animation": "backslash",
          "yOffset": 2944,
          "path": "spritesheets/feet/shoes/basic/male/backslash/black.png"
        },
        {
          "animation": "halfslash",
          "yOffset": 3200,
          "path": "spritesheets/feet/shoes/basic/male/halfslash/black.png"
        }
      ]
    },
    {
      "itemId": "legs_shorts",
      "typeName": "legs",
      "variant": "navy",
      "layerKey": "layer_1",
      "layerNum": 1,
      "zPos": 20,
      "animations": [
        {
          "animation": "spellcast",
          "yOffset": 0,
          "path": "spritesheets/legs/shorts/shorts/male/spellcast/navy.png"
        },
        {
          "animation": "thrust",
          "yOffset": 256,
          "path": "spritesheets/legs/shorts/shorts/male/thrust/navy.png"
        },
        {
          "animation": "walk",
          "yOffset": 512,
          "path": "spritesheets/legs/shorts/shorts/male/walk/navy.png"
        },
        {
          "animation": "slash",
          "yOffset": 768,
          "path": "spritesheets/legs/shorts/shorts/male/slash/navy.png"
        },
        {
          "animation": "shoot",
          "yOffset": 1024,
          "path": "spritesheets/legs/shorts/shorts/male/shoot/navy.png"
        },
        {
          "animation": "hurt",
          "yOffset": 1280,
          "path": "spritesheets/legs/shorts/shorts/male/hurt/navy.png"
        },
        {
          "animation": "climb",
          "yOffset": 1344,
          "path": "spritesheets/legs/shorts/shorts/male/climb/navy.png"
        },
        {
          "animation": "idle",
          "yOffset": 1408,
          "path": "spritesheets/legs/shorts/shorts/male/idle/navy.png"
        },
        {
          "animation": "jump",
          "yOffset": 1664,
          "path": "spritesheets/legs/shorts/shorts/male/jump/navy.png"
        },
        {
          "animation": "sit",
          "yOffset": 1920,
          "path": "spritesheets/legs/shorts/shorts/male/sit/navy.png"
        },
        {
          "animation": "emote",
          "yOffset": 2176,
          "path": "spritesheets/legs/shorts/shorts/male/emote/navy.png"
        },
        {
          "animation": "run",
          "yOffset": 2432,
          "path": "spritesheets/legs/shorts/shorts/male/run/navy.png"
        },
        {
          "animation": "combat_idle",
          "yOffset": 2688,
          "path": "spritesheets/legs/shorts/shorts/male/combat_idle/navy.png"
        },
        {
          "animation": "backslash",
          "yOffset": 2944,
          "path": "spritesheets/legs/shorts/shorts/male/backslash/navy.png"
        },
        {
          "animation": "halfslash",
          "yOffset": 3200,
          "path": "spritesheets/legs/shorts/shorts/male/halfslash/navy.png"
        }
      ]
    },
    {
      "itemId": "torso_clothes_tshirt",
      "typeName": "clothes",
      "variant": "red",
      "layerKey": "layer_1",
      "layerNum": 1,
      "zPos": 35,
      "animations": [
        {
          "animation": "spellcast",
          "yOffset": 0,
          "path": "spritesheets/torso/clothes/shortsleeve/tshirt/male/spellcast/red.png"
        },
        {
          "animation": "thrust",
          "yOffset": 256,
          "path": "spritesheets/torso/clothes/shortsleeve/tshirt/male/thrust/red.png"
        },
        {
          "animation": "walk",
          "yOffset": 512,
          "path": "spritesheets/torso/clothes/shortsleeve/tshirt/male/walk/red.png"
        },
        {
          "animation": "slash",
          "yOffset": 768,
          "path": "spritesheets/torso/clothes/shortsleeve/tshirt/male/slash/red.png"
        },
        {
          "animation": "shoot",
          "yOffset": 1024,
          "path": "spritesheets/torso/clothes/shortsleeve/tshirt/male/shoot/red.png"
        },
        {
          "animation": "hurt",
          "yOffset": 1280,
          "path": "spritesheets/torso/clothes/shortsleeve/tshirt/male/hurt/red.png"
        },
        {
          "animation": "climb",
          "yOffset": 1344,
          "path": "spritesheets/torso/clothes/shortsleeve/tshirt/male/climb/red.png"
        },
        {
          "animation": "idle",
          "yOffset": 1408,
          "path": "spritesheets/torso/clothes/shortsleeve/tshirt/male/idle/red.png"
        },
        {
          "animation": "jump",
          "yOffset": 1664,
          "path": "spritesheets/torso/clothes/shortsleeve/tshirt/male/jump/red.png"
        },
        {
          "animation": "sit",
          "yOffset": 1920,
          "path": "spritesheets/torso/clothes/shortsleeve/tshirt/male/sit/red.png"
        },
        {
          "animation": "emote",
          "yOffset": 2176,
          "path": "spritesheets/torso/clothes/shortsleeve/tshirt/male/emote/red.png"
        },
        {
          "animation": "run",
          "yOffset": 2432,
          "path": "spritesheets/torso/clothes/shortsleeve/tshirt/male/run/red.png"
        },
        {
          "animation": "combat_idle",
          "yOffset": 2688,
          "path": "spritesheets/torso/clothes/shortsleeve/tshirt/male/combat_idle/red.png"
        },
        {
          "animation": "backslash",
          "yOffset": 2944,
          "path": "spritesheets/torso/clothes/shortsleeve/tshirt/male/backslash/red.png"
        },
        {
          "animation": "halfslash",
          "yOffset": 3200,
          "path": "spritesheets/torso/clothes/shortsleeve/tshirt/male/halfslash/red.png"
        }
      ]
    },
    {
      "itemId": "heads_human_male",
      "typeName": "head",
      "variant": "bronze",
      "layerKey": "layer_1",
      "layerNum": 1,
      "zPos": 100,
      "animations": [
        {
          "animation": "spellcast",
          "yOffset": 0,
          "path": "spritesheets/head/heads/human/male/spellcast/bronze.png"
        },
        {
          "animation": "thrust",
          "yOffset": 256,
          "path": "spritesheets/head/heads/human/male/thrust/bronze.png"
        },
        {
          "animation": "walk",
          "yOffset": 512,
          "path": "spritesheets/head/heads/human/male/walk/bronze.png"
        },
        {
          "animation": "slash",
          "yOffset": 768,
          "path": "spritesheets/head/heads/human/male/slash/bronze.png"
        },
        {
          "animation": "shoot",
          "yOffset": 1024,
          "path": "spritesheets/head/heads/human/male/shoot/bronze.png"
        },
        {
          "animation": "hurt",
          "yOffset": 1280,
          "path": "spritesheets/head/heads/human/male/hurt/bronze.png"
        },
        {
          "animation": "climb",
          "yOffset": 1344,
          "path": "spritesheets/head/heads/human/male/climb/bronze.png"
        },
        {
          "animation": "idle",
          "yOffset": 1408,
          "path": "spritesheets/head/heads/human/male/idle/bronze.png"
        },
        {
          "animation": "jump",
          "yOffset": 1664,
          "path": "spritesheets/head/heads/human/male/jump/bronze.png"
        },
        {
          "animation": "sit",
          "yOffset": 1920,
          "path": "spritesheets/head/heads/human/male/sit/bronze.png"
        },
        {
          "animation": "emote",
          "yOffset": 2176,
          "path": "spritesheets/head/heads/human/male/emote/bronze.png"
        },
        {
          "animation": "run",
          "yOffset": 2432,
          "path": "spritesheets/head/heads/human/male/run/bronze.png"
        },
        {
          "animation": "combat_idle",
          "yOffset": 2688,
          "path": "spritesheets/head/heads/human/male/combat_idle/bronze.png"
        },
        {
          "animation": "backslash",
          "yOffset": 2944,
          "path": "spritesheets/head/heads/human/male/backslash/bronze.png"
        },
        {
          "animation": "halfslash",
          "yOffset": 3200,
          "path": "spritesheets/head/heads/human/male/halfslash/bronze.png"
        }
      ]
    },
    {
      "itemId": "face_neutral",
      "typeName": "expression",
      "variant": "bronze",
      "layerKey": "layer_1",
      "layerNum": 1,
      "zPos": 101,
      "animations": [
        {
          "animation": "spellcast",
          "yOffset": 0,
          "path": "spritesheets/head/faces/male/neutral/spellcast/bronze.png"
        },
        {
          "animation": "thrust",
          "yOffset": 256,
          "path": "spritesheets/head/faces/male/neutral/thrust/bronze.png"
        },
        {
          "animation": "walk",
          "yOffset": 512,
          "path": "spritesheets/head/faces/male/neutral/walk/bronze.png"
        },
        {
          "animation": "slash",
          "yOffset": 768,
          "path": "spritesheets/head/faces/male/neutral/slash/bronze.png"
        },
        {
          "animation": "shoot",
          "yOffset": 1024,
          "path": "spritesheets/head/faces/male/neutral/shoot/bronze.png"
        },
        {
          "animation": "idle",
          "yOffset": 1408,
          "path": "spritesheets/head/faces/male/neutral/idle/bronze.png"
        },
        {
          "animation": "jump",
          "yOffset": 1664,
          "path": "spritesheets/head/faces/male/neutral/jump/bronze.png"
        },
        {
          "animation": "sit",
          "yOffset": 1920,
          "path": "spritesheets/head/faces/male/neutral/sit/bronze.png"
        },
        {
          "animation": "emote",
          "yOffset": 2176,
          "path": "spritesheets/head/faces/male/neutral/emote/bronze.png"
        },
        {
          "animation": "run",
          "yOffset": 2432,
          "path": "spritesheets/head/faces/male/neutral/run/bronze.png"
        },
        {
          "animation": "combat_idle",
          "yOffset": 2688,
          "path": "spritesheets/head/faces/male/neutral/combat_idle/bronze.png"
        },
        {
          "animation": "backslash",
          "yOffset": 2944,
          "path": "spritesheets/head/faces/male/neutral/backslash/bronze.png"
        },
        {
          "animation": "halfslash",
          "yOffset": 3200,
          "path": "spritesheets/head/faces/male/neutral/halfslash/bronze.png"
        }
      ]
    },
    {
      "itemId": "hair_plain",
      "typeName": "hair",
      "variant": "ginger",
      "layerKey": "layer_1",
      "layerNum": 1,
      "zPos": 120,
      "animations": [
        {
          "animation": "spellcast",
          "yOffset": 0,
          "path": "spritesheets/hair/plain/adult/spellcast/ginger.png"
        },
        {
          "animation": "thrust",
          "yOffset": 256,
          "path": "spritesheets/hair/plain/adult/thrust/ginger.png"
        },
        {
          "animation": "walk",
          "yOffset": 512,
          "path": "spritesheets/hair/plain/adult/walk/ginger.png"
        },
        {
          "animation": "slash",
          "yOffset": 768,
          "path": "spritesheets/hair/plain/adult/slash/ginger.png"
        },
        {
          "animation": "shoot",
          "yOffset": 1024,
          "path": "spritesheets/hair/plain/adult/shoot/ginger.png"
        },
        {
          "animation": "hurt",
          "yOffset": 1280,
          "path": "spritesheets/hair/plain/adult/hurt/ginger.png"
        },
        {
          "animation": "climb",
          "yOffset": 1344,
          "path": "spritesheets/hair/plain/adult/climb/ginger.png"
        },
        {
          "animation": "idle",
          "yOffset": 1408,
          "path": "spritesheets/hair/plain/adult/idle/ginger.png"
        },
        {
          "animation": "jump",
          "yOffset": 1664,
          "path": "spritesheets/hair/plain/adult/jump/ginger.png"
        },
        {
          "animation": "sit",
          "yOffset": 1920,
          "path": "spritesheets/hair/plain/adult/sit/ginger.png"
        },
        {
          "animation": "emote",
          "yOffset": 2176,
          "path": "spritesheets/hair/plain/adult/emote/ginger.png"
        },
        {
          "animation": "run",
          "yOffset": 2432,
          "path": "spritesheets/hair/plain/adult/run/ginger.png"
        },
        {
          "animation": "combat_idle",
          "yOffset": 2688,
          "path": "spritesheets/hair/plain/adult/combat_idle/ginger.png"
        },
        {
          "animation": "backslash",
          "yOffset": 2944,
          "path": "spritesheets/hair/plain/adult/backslash/ginger.png"
        },
        {
          "animation": "halfslash",
          "yOffset": 3200,
          "path": "spritesheets/hair/plain/adult/halfslash/ginger.png"
        }
      ]
    }
  ],
  "customAnimations": [],
  "customLayers": []
}
