{
  "bodyType": "female",
  "dimensions": {
    "width": 832,
    "height": 3456
  },
  "selections": [
    {
      "itemId": "body",
      "typeName": "body",
      "variant": "olive"
    },
    {
      "itemId": "heads_human_female",
      "typeName": "head",
      "variant": "olive"
    },
    {
      "itemId": "face_neutral",
      "typeName": "expression",
      "variant": "olive"
    },
    {
      "itemId": "hair_plain",
      "typeName": "hair",
      "variant": "raven"
    },
    {
      "itemId": "torso_clothes_tshirt",
      "typeName": "clothes",
      "variant": "purple"
    },
    {
      "itemId": "legs_shorts",
      "typeName": "legs",
      "variant": "navy"
    },
    {
      "itemId": "feet_shoes_basic",
      "typeName": "shoes",
      "variant": "black"
    },
    {
      "itemId": "shadow",
      "typeName": "shadow",
      "variant": "shadow"
    }
  ],
  "layers": [
    {
      "itemId": "shadow",
      "typeName": "shadow",
      "variant": "shadow",
      "layerKey": "layer_1",
      "layerNum": 1,
      "zPos": 0,
      "animations": [
        {
          "animation": "spellcast",
          "yOffset": 0,
          "path": "spritesheets/shadow/adult/spellcast/shadow.png"
        },
        {
          "animation": "thrust",
          "yOffset": 256,
          "path": "spritesheets/shadow/adult/thrust/shadow.png"
        },
        {
          "animation": "walk",
          "yOffset": 512,
          "path": "spritesheets/shadow/adult/walk/shadow.png"
        },
        {
          "animation": "slash",
          "yOffset": 768,
          "path": "spritesheets/shadow/adult/slash/shadow.png"
        },
        {
          "animation": "shoot",
          "yOffset": 1024,
          "path": "spritesheets/shadow/adult/shoot/shadow.png"
        },
        {
          "animation": "hurt",
          "yOffset": 1280,
          "path": "spritesheets/shadow/adult/hurt/shadow.png"
        }
      ]
    },
    {
      "itemId": "body",
      "typeName": "body",
      "variant": "olive",
      "layerKey": "layer_1",
      "layerNum": 1,
      "zPos": 10,
      "animations": [
        {
          "animation": "spellcast",
          "yOffset": 0,
          "path": "spritesheets/body/bodies/female/spellcast/olive.png"
        },
        {
          "animation": "thrust",
          "yOffset": 256,
          "path": "spritesheets/body/bodies/female/thrust/olive.png"
        },
        {
          "animation": "walk",
          "yOffset": 512,
          "path": "spritesheets/body/bodies/female/walk/olive.png"
        },
        {
          "animation": "slash",
          "yOffset": 768,
          "path": "spritesheets/body/bodies/female/slash/olive.png"
        },
        {
          "animation": "shoot",
          "yOffset": 1024,
          "path": "spritesheets/body/bodies/female/shoot/olive.png"
        },
        {
          "animation": "hurt",
          "yOffset": 1280,
          "path": "spritesheets/body/bodies/female/hurt/olive.png"
        },
        {
          "animation": "climb",
          "yOffset": 1344,
          "path": "spritesheets/body/bodies/female/climb/olive.png"
        },
        {
          "animation": "idle",
          "yOffset": 1408,
          "path": "spritesheets/body/bodies/female/idle/olive.png"
        },
        {
          "animation": "jump",
          "yOffset": 1664,
          "path": "spritesheets/body/bodies/female/jump/olive.png"
        },
        {
          "animation": "sit",
          "yOffset": 1920,
          "path": "spritesheets/body/bodies/female/sit/olive.png"
        },
        {
          "animation": "emote",
          "yOffset": 2176,
          "path": "spritesheets/body/bodies/female/emote/olive.png"
        },
        {
          "animation": "run",
          "yOffset": 2432,
          "path": "spritesheets/body/bodies/female/run/olive.png"
        },
        {
          "animation": "combat_idle",
          "yOffset": 2688,
          "path": "spritesheets/body/bodies/female/combat_idle/olive.png"
        },
        {
          "animation": "backslash",
          "yOffset": 2944,
          "path": "spritesheets/body/bodies/female/backslash/olive.png"
        },
        {
          "animation": "halfslash",
          "yOffset": 3200,
          "path": "spritesheets/body/bodies/female/halfslash/olive.png"
        }
      ]
    },
    {
      "itemId": "feet_shoes_basic",
      "typeName": "shoes",
      "variant": "black",
      "layerKey": "layer_1",
      "layerNum": 1,
      "zPos": 15,
      "animations": [
        {
          "animation": "spellcast",
          "yOffset": 0,
          "path": "spritesheets/feet/shoes/basic/thin/spellcast/black.png"
        },
        {
          "animation": "thrust",
          "yOffset": 256,
          "path": "spritesheets/feet/shoes/basic/thin/thrust/black.png"
        },
        {
          "animation": "walk",
          "yOffset": 512,
          "path": "spritesheets/feet/shoes/basic/thin/walk/black.png"
        },
        {
          "animation": "slash",
          "yOffset": 768,
          "path": "spritesheets/feet/shoes/basic/thin/slash/black.png"
        },
        {
          "animation": "shoot",
          "yOffset": 1024,
          "path": "spritesheets/feet/shoes/basic/thin/shoot/black.png"
        },
        {
          "animation": "hurt",
          "yOffset": 1280,
          "path": "spritesheets/feet/shoes/basic/thin/hurt/black.png"
        },
        {
          "animation": "climb",
          "yOffset": 1344,
          "path": "spritesheets/feet/shoes/basic/thin/climb/black.png"
        },
        {
          "animation": "idle",
          "yOffset": 1408,
          "path": "spritesheets/feet/shoes/basic/thin/idle/black.png"
        },
        {
          "animation": "jump",
          "yOffset": 1664,
          "path": "spritesheets/feet/shoes/basic/thin/jump/black.png"
        },
        {
          "animation": "sit",
          "yOffset": 1920,
          "path": "spritesheets/feet/shoes/basic/thin/sit/black.png"
        },
        {
          "animation": "emote",
          "yOffset": 2176,
          "path": "spritesheets/feet/shoes/basic/thin/emote/black.png"
        },
        {
          "animation": "run",
          "yOffset": 2432,
          "path": "spritesheets/feet/shoes/basic/thin/run/black.png"
        },
        {
          "animation": "combat_idle",
          "yOffset": 2688,
          "path": "spritesheets/feet/shoes/basic/thin/combat_idle/black.png"
        },
        {
          "animation": "backslash",
          "yOffset": 2944,
          "path": "spritesheets/feet/shoes/basic/thin/backslash/black.png"
        },
        {
          "animation": "halfslash",
          "yOffset": 3200,
          "path": "spritesheets/feet/shoes/basic/thin/halfslash/black.png"
        }
      ]
    },
    {
      "itemId": "legs_shorts",
      "typeName": "legs",
      "variant": "navy",
      "layerKey": "layer_1",
      "layerNum": 1,
      "zPos": 20,
      "animations": [
        {
          "animation": "spellcast",
          "yOffset": 0,
          "path": "spritesheets/legs/shorts/shorts/thin/spellcast/navy.png"
        },
        {
          "animation": "thrust",
          "yOffset": 256,
          "path": "spritesheets/legs/shorts/shorts/thin/thrust/navy.png"
        },
        {
          "animation": "walk",
          "yOffset": 512,
          "path": "spritesheets/legs/shorts/shorts/thin/walk/navy.png"
        },
        {
          "animation": "slash",
          "yOffset": 768,
          "path": "spritesheets/legs/shorts/shorts/thin/slash/navy.png"
        },
        {
          "animation": "shoot",
          "yOffset": 1024,
          "path": "spritesheets/legs/shorts/shorts/thin/shoot/navy.png"
        },
        {
          "animation": "hurt",
          "yOffset": 1280,
          "path": "spritesheets/legs/shorts/shorts/thin/hurt/navy.png"
        },
        {
          "animation": "climb",
          "yOffset": 1344,
          "path": "spritesheets/legs/shorts/shorts/thin/climb/navy.png"
        },
        {
          "animation": "idle",
          "yOffset": 1408,
          "path": "spritesheets/legs/shorts/shorts/thin/idle/navy.png"
        },
        {
          "animation": "jump",
          "yOffset": 1664,
          "path": "spritesheets/legs/shorts/shorts/thin/jump/navy.png"
        },
        {
          "animation": "sit",
          "yOffset": 1920,
          "path": "spritesheets/legs/shorts/shorts/thin/sit/navy.png"
        },
        {
          "animation": "emote",
          "yOffset": 2176,
          "path": "spritesheets/legs/shorts/shorts/thin/emote/navy.png"
        },
        {
          "animation": "run",
          "yOffset": 2432,
          "path": "spritesheets/legs/shorts/shorts/thin/run/navy.png"
        },
        {
          "animation": "combat_idle",
          "yOffset": 2688,
          "path": "spritesheets/legs/shorts/shorts/thin/combat_idle/navy.png"
        },
        {
          "animation": "backslash",
          "yOffset": 2944,
          "path": "spritesheets/legs/shorts/shorts/thin/backslash/navy.png"
        },
        {
          "animation": "halfslash",
          "yOffset": 3200,
          "path": "spritesheets/legs/shorts/shorts/thin/halfslash/navy.png"
        }
      ]
    },
    {
      "itemId": "torso_clothes_tshirt",
      "typeName": "clothes",
      "variant": "purple",
      "layerKey": "layer_1",
      "layerNum": 1,
      "zPos": 35,
      "animations": [
        {
          "animation": "spellcast",
          "yOffset": 0,
          "path": "spritesheets/torso/clothes/shortsleeve/tshirt/female/spellcast/purple.png"
        },
        {
          "animation": "thrust",
          "yOffset": 256,
          "path": "spritesheets/torso/clothes/shortsleeve/tshirt/female/thrust/purple.png"
        },
        {
          "animation": "walk",
          "yOffset": 512,
          "path": "spritesheets/torso/clothes/shortsleeve/tshirt/female/walk/purple.png"
        },
        {
          "animation": "slash",
          "yOffset": 768,
          "path": "spritesheets/torso/clothes/shortsleeve/tshirt/female/slash/purple.png"
        },
        {
          "animation": "shoot",
          "yOffset": 1024,
          "path": "spritesheets/torso/clothes/shortsleeve/tshirt/female/shoot/purple.png"
        },
        {
          "animation": "hurt",
          "yOffset": 1280,
          "path": "spritesheets/torso/clothes/shortsleeve/tshirt/female/hurt/purple.png"
        },
        {
          "animation": "climb",
          "yOffset": 1344,
          "path": "spritesheets/torso/clothes/shortsleeve/tshirt/female/climb/purple.png"
        },
        {
          "animation": "idle",
          "yOffset": 1408,
          "path": "spritesheets/torso/clothes/shortsleeve/tshirt/female/idle/purple.png"
        },
        {
          "animation": "jump",
          "yOffset": 1664,
          "path": "spritesheets/torso/clothes/shortsleeve/tshirt/female/jump/purple.png"
        },
        {
          "animation": "sit",
          "yOffset": 1920,
          "path": "spritesheets/torso/clothes/shortsleeve/tshirt/female/sit/purple.png"
        },
        {
          "animation": "emote",
          "yOffset": 2176,
          "path": "spritesheets/torso/clothes/shortsleeve/tshirt/female/emote/purple.png"
        },
        {
          "animation": "run",
          "yOffset": 2432,
          "path": "spritesheets/torso/clothes/shortsleeve/tshirt/female/run/purple.png"
        },
        {
          "animation": "combat_idle",
          "yOffset": 2688,
          "path": "spritesheets/torso/clothes/shortsleeve/tshirt/female/combat_idle/purple.png"
        },
        {
          "animation": "backslash",
          "yOffset": 2944,
          "path": "spritesheets/torso/clothes/shortsleeve/tshirt/female/backslash/purple.png"
        },
        {
          "animation": "halfslash",
          "yOffset": 3200,
          "path": "spritesheets/torso/clothes/shortsleeve/tshirt/female/halfslash/purple.png"
        }
      ]
    },
    {
      "itemId": "heads_human_female",
      "typeName": "head",
      "variant": "olive",
      "layerKey": "layer_1",
      "layerNum": 1,
      "zPos": 100,
      "animations": [
        {
          "animation": "spellcast",
          "yOffset": 0,
          "path": "spritesheets/head/heads/human/female/spellcast/olive.png"
        },
        {
          "animation": "thrust",
          "yOffset": 256,
          "path": "spritesheets/head/heads/human/female/thrust/olive.png"
        },
        {
          "animation": "walk",
          "yOffset": 512,
          "path": "spritesheets/head/heads/human/female/walk/olive.png"
        },
        {
          "animation": "slash",
          "yOffset": 768,
          "path": "spritesheets/head/heads/human/female/slash/olive.png"
        },
        {
          "animation": "shoot",
          "yOffset": 1024,
          "path": "spritesheets/head/heads/human/female/shoot/olive.png"
        },
        {
          "animation": "hurt",
          "yOffset": 1280,
          "path": "spritesheets/head/heads/human/female/hurt/olive.png"
        },
        {
          "animation": "climb",
          "yOffset": 1344,
          "path": "spritesheets/head/heads/human/female/climb/olive.png"
        },
        {
          "animation": "idle",
          "yOffset": 1408,
          "path": "spritesheets/head/heads/human/female/idle/olive.png"
        },
        {
          "animation": "jump",
          "yOffset": 1664,
          "path": "spritesheets/head/heads/human/female/jump/olive.png"
        },
        {
          "animation": "sit",
          "yOffset": 1920,
          "path": "spritesheets/head/heads/human/female/sit/olive.png"
        },
        {
          "animation": "emote",
          "yOffset": 2176,
          "path": "spritesheets/head/heads/human/female/emote/olive.png"
        },
        {
          "animation": "run",
          "yOffset": 2432,
          "path": "spritesheets/head/heads/human/female/run/olive.png"
        },
        {
          "animation": "combat_idle",
          "yOffset": 2688,
          "path": "spritesheets/head/heads/human/female/combat_idle/olive.png"
        },
        {
          "animation": "backslash",
          "yOffset": 2944,
          "path": "spritesheets/head/heads/human/female/backslash/olive.png"
        },
        {
          "animation": "halfslash",
          "yOffset": 3200,
          "path": "spritesheets/head/heads/human/female/halfslash/olive.png"
        }
      ]
    },
    {
      "itemId": "face_neutral",
      "typeName": "expression",
      "variant": "olive",
      "layerKey": "layer_1",
      "layerNum": 1,
      "zPos": 101,
      "animations": [
        {
          "animation": "spellcast",
          "yOffset": 0,
          "path": "spritesheets/head/faces/female/neutral/spellcast/olive.png"
        },
        {
          "animation": "thrust",
          "yOffset": 256,
          "path": "spritesheets/head/faces/female/neutral/thrust/olive.png"
        },
        {
          "animation": "walk",
          "yOffset": 512,
          "path": "spritesheets/head/faces/female/neutral/walk/olive.png"
        },
        {
          "animation": "slash",
          "yOffset": 768,
          "path": "spritesheets/head/faces/female/neutral/slash/olive.png"
        },
        {
          "animation": "shoot",
          "yOffset": 1024,
          "path": "spritesheets/head/faces/female/neutral/shoot/olive.png"
        },
        {
          "animation": "idle",
          "yOffset": 1408,
          "path": "spritesheets/head/faces/female/neutral/idle/olive.png"
        },
        {
          "animation": "jump",
          "yOffset": 1664,
          "path": "spritesheets/head/faces/female/neutral/jump/olive.png"
        },
        {
          "animation": "sit",
          "yOffset": 1920,
          "path": "spritesheets/head/faces/female/neutral/sit/olive.png"
        },
        {
          "animation": "emote",
          "yOffset": 2176,
          "path": "spritesheets/head/faces/female/neutral/emote/olive.png"
        },
        {
          "animation": "run",
          "yOffset": 2432,
          "path": "spritesheets/head/faces/female/neutral/run/olive.png"
        },
        {
          "animation": "combat_idle",
          "yOffset": 2688,
          "path": "spritesheets/head/faces/female/neutral/combat_idle/olive.png"
        },
        {
          "animation": "backslash",
          "yOffset": 2944,
          "path": "spritesheets/head/faces/female/neutral/backslash/olive.png"
        },
        {
          "animation": "halfslash",
          "yOffset": 3200,
          "path": "spritesheets/head/faces/female/neutral/halfslash/olive.png"
        }
      ]
    },
    {
      "itemId": "hair_plain",
      "typeName": "hair",
      "variant": "raven",
      "layerKey": "layer_1",
      "layerNum": 1,
      "zPos": 120,
      "animations": [
        {
          "animation": "spellcast",
          "yOffset": 0,
          "path": "spritesheets/hair/plain/adult/spellcast/raven.png"
        },
        {
          "animation": "thrust",
          "yOffset": 256,
          "path": "spritesheets/hair/plain/adult/thrust/raven.png"
        },
        {
          "animation": "walk",
          "yOffset": 512,
          "path": "spritesheets/hair/plain/adult/walk/raven.png"
        },
        {
          "animation": "slash",
          "yOffset": 768,
          "path": "spritesheets/hair/plain/adult/slash/raven.png"
        },
        {
          "animation": "shoot",
          "yOffset": 1024,
          "path": "spritesheets/hair/plain/adult/shoot/raven.png"
        },
        {
          "animation": "hurt",
          "yOffset": 1280,
          "path": "spritesheets/hair/plain/adult/hurt/raven.png"
        },
        {
          "animation": "climb",
          "yOffset": 1344,
          "path": "spritesheets/hair/plain/adult/climb/raven.png"
        },
        {
          "animation": "idle",
          "yOffset": 1408,
          "path": "spritesheets/hair/plain/adult/idle/raven.png"
        },
        {
          "animation": "jump",
          "yOffset": 1664,
          "path": "spritesheets/hair/plain/adult/jump/raven.png"
        },
        {
          "animation": "sit",
          "yOffset": 1920,
          "path": "spritesheets/hair/plain/adult/sit/raven.png"
        },
        {
          "animation": "emote",
          "yOffset": 2176,
          "path": "spritesheets/hair/plain/adult/emote/raven.png"
        },
        {
          "animation": "run",
          "yOffset": 2432,
          "path": "spritesheets/hair/plain/adult/run/raven.png"
        },
        {
          "animation": "combat_idle",
          "yOffset": 2688,
          "path": "spritesheets/hair/plain/adult/combat_idle/raven.png"
        },
        {
          "animation": "backslash",
          "yOffset": 2944,
          "path": "spritesheets/hair/plain/adult/backslash/raven.png"
        },
        {
          "animation": "halfslash",
          "yOffset": 3200,
          "path": "spritesheets/hair/plain/adult/halfslash/raven.png"
        }
      ]
    }
  ],
  "customAnimations": [],
  "customLayers": []
}
