{
  "bodyType": "teen",
  "dimensions": {
    "width": 832,
    "height": 3456
  },
  "selections": [
    {
      "itemId": "body",
      "typeName": "body",
      "variant": "light"
    },
    {
      "itemId": "heads_human_male",
      "typeName": "head",
      "variant": "light"
    },
    {
      "itemId": "face_neutral",
      "typeName": "expression",
      "variant": "light"
    },
    {
      "itemId": "hair_plain",
      "typeName": "hair",
      "variant": "dark brown"
    },
    {
      "itemId": "torso_clothes_tshirt",
      "typeName": "clothes",
      "variant": "gray"
    },
    {
      "itemId": "legs_shorts",
      "typeName": "legs",
      "variant": "charcoal"
    },
    {
      "itemId": "feet_shoes_basic",
      "typeName": "shoes",
      "variant": "brown"
    },
    {
      "itemId": "shadow",
      "typeName": "shadow",
      "variant": "shadow"
    }
  ],
  "layers": [
    {
      "itemId": "shadow",
      "typeName": "shadow",
      "variant": "shadow",
      "layerKey": "layer_1",
      "layerNum": 1,
      "zPos": 0,
      "animations": [
        {
          "animation": "spellcast",
          "yOffset": 0,
          "path": "spritesheets/shadow/adult/spellcast/shadow.png"
        },
        {
          "animation": "thrust",
          "yOffset": 256,
          "path": "spritesheets/shadow/adult/thrust/shadow.png"
        },
        {
          "animation": "walk",
          "yOffset": 512,
          "path": "spritesheets/shadow/adult/walk/shadow.png"
        },
        {
          "animation": "slash",
          "yOffset": 768,
          "path": "spritesheets/shadow/adult/slash/shadow.png"
        },
        {
          "animation": "shoot",
          "yOffset": 1024,
          "path": "spritesheets/shadow/adult/shoot/shadow.png"
        },
        {
          "animation": "hurt",
          "yOffset": 1280,
          "path": "spritesheets/shadow/adult/hurt/shadow.png"
        }
      ]
    },
    {
      "itemId": "body",
      "typeName": "body",
      "variant": "light",
      "layerKey": "layer_1",
      "layerNum": 1,
      "zPos": 10,
      "animations": [
        {
          "animation": "spellcast",
          "yOffset": 0,
          "path": "spritesheets/body/bodies/teen/spellcast/light.png"
        },
        {
          "animation": "thrust",
          "yOffset": 256,
          "path": "spritesheets/body/bodies/teen/thrust/light.png"
        },
        {
          "animation": "walk",
          "yOffset": 512,
          "path": "spritesheets/body/bodies/teen/walk/light.png"
        },
        {
          "animation": "slash",
          "yOffset": 768,
          "path": "spritesheets/body/bodies/teen/slash/light.png"
        },
        {
          "animation": "shoot",
          "yOffset": 1024,
          "path": "spritesheets/body/bodies/teen/shoot/light.png"
        },
        {
          "animation": "hurt",
          "yOffset": 1280,
          "path": "spritesheets/body/bodies/teen/hurt/light.png"
        },
        {
          "animation": "climb",
          "yOffset": 1344,
          "path": "spritesheets/body/bodies/teen/climb/light.png"
        },
        {
          "animation": "idle",
          "yOffset": 1408,
          "path": "spritesheets/body/bodies/teen/idle/light.png"
        },
        {
          "animation": "jump",
          "yOffset": 1664,
          "path": "spritesheets/body/bodies/teen/jump/light.png"
        },
        {
          "animation": "sit",
          "yOffset": 1920,
          "path": "spritesheets/body/bodies/teen/sit/light.png"
        },
        {
          "animation": "emote",
          "yOffset": 2176,
          "path": "spritesheets/body/bodies/teen/emote/light.png"
        },
        {
          "animation": "run",
          "yOffset": 2432,
          "path": "spritesheets/body/bodies/teen/run/light.png"
        },
        {
          "animation": "combat_idle",
          "yOffset": 2688,
          "path": "spritesheets/body/bodies/teen/combat_idle/light.png"
        },
        {
          "animation": "backslash",
          "yOffset": 2944,
          "path": "spritesheets/body/bodies/teen/backslash/light.png"
        },
        {
          "animation": "halfslash",
          "yOffset": 3200,
          "path": "spritesheets/body/bodies/teen/halfslash/light.png"
        }
      ]
    },
    {
      "itemId": "feet_shoes_basic",
      "typeName": "shoes",
      "variant": "brown",
      "layerKey": "layer_1",
      "layerNum": 1,
      "zPos": 15,
      "animations": [
        {
          "animation": "spellcast",
          "yOffset": 0,
          "path": "spritesheets/feet/shoes/basic/thin/spellcast/brown.png"
        },
        {
          "animation": "thrust",
          "yOffset": 256,
          "path": "spritesheets/feet/shoes/basic/thin/thrust/brown.png"
        },
        {
          "animation": "walk",
          "yOffset": 512,
          "path": "spritesheets/feet/shoes/basic/thin/walk/brown.png"
        },
        {
          "animation": "slash",
          "yOffset": 768,
          "path": "spritesheets/feet/shoes/basic/thin/slash/brown.png"
        },
        {
          "animation": "shoot",
          "yOffset": 1024,
          "path": "spritesheets/feet/shoes/basic/thin/shoot/brown.png"
        },
        {
          "animation": "hurt",
          "yOffset": 1280,
          "path": "spritesheets/feet/shoes/basic/thin/hurt/brown.png"
        },
        {
          "animation": "climb",
          "yOffset": 1344,
          "path": "spritesheets/feet/shoes/basic/thin/climb/brown.png"
        },
        {
          "animation": "idle",
          "yOffset": 1408,
          "path": "spritesheets/feet/shoes/basic/thin/idle/brown.png"
        },
        {
          "animation": "jump",
          "yOffset": 1664,
          "path": "spritesheets/feet/shoes/basic/thin/jump/brown.png"
        },
        {
          "animation": "sit",
          "yOffset": 1920,
          "path": "spritesheets/feet/shoes/basic/thin/sit/brown.png"
        },
        {
          "animation": "emote",
          "yOffset": 2176,
          "path": "spritesheets/feet/shoes/basic/thin/emote/brown.png"
        },
        {
          "animation": "run",
          "yOffset": 2432,
          "path": "spritesheets/feet/shoes/basic/thin/run/brown.png"
        },
        {
          "animation": "combat_idle",
          "yOffset": 2688,
          "path": "spritesheets/feet/shoes/basic/thin/combat_idle/brown.png"
        },
        {
          "animation": "backslash",
          "yOffset": 2944,
          "path": "spritesheets/feet/shoes/basic/thin/backslash/brown.png"
        },
        {
          "animation": "halfslash",
          "yOffset": 3200,
          "path": "spritesheets/feet/shoes/basic/thin/halfslash/brown.png"
        }
      ]
    },
    {
      "itemId": "legs_shorts",
      "typeName": "legs",
      "variant": "charcoal",
      "layerKey": "layer_1",
      "layerNum": 1,
      "zPos": 20,
      "animations": [
        {
          "animation": "spellcast",
          "yOffset": 0,
          "path": "spritesheets/legs/shorts/shorts/thin/spellcast/charcoal.png"
        },
        {
          "animation": "thrust",
          "yOffset": 256,
          "path": "spritesheets/legs/shorts/shorts/thin/thrust/charcoal.png"
        },
        {
          "animation": "walk",
          "yOffset": 512,
          "path": "spritesheets/legs/shorts/shorts/thin/walk/charcoal.png"
        },
        {
          "animation": "slash",
          "yOffset": 768,
          "path": "spritesheets/legs/shorts/shorts/thin/slash/charcoal.png"
        },
        {
          "animation": "shoot",
          "yOffset": 1024,
          "path": "spritesheets/legs/shorts/shorts/thin/shoot/charcoal.png"
        },
        {
          "animation": "hurt",
          "yOffset": 1280,
          "path": "spritesheets/legs/shorts/shorts/thin/hurt/charcoal.png"
        },
        {
          "animation": "climb",
          "yOffset": 1344,
          "path": "spritesheets/legs/shorts/shorts/thin/climb/charcoal.png"
        },
        {
          "animation": "idle",
          "yOffset": 1408,
          "path": "spritesheets/legs/shorts/shorts/thin/idle/charcoal.png"
        },
        {
          "animation": "jump",
          "yOffset": 1664,
          "path": "spritesheets/legs/shorts/shorts/thin/jump/charcoal.png"
        },
        {
          "animation": "sit",
          "yOffset": 1920,
          "path": "spritesheets/legs/shorts/shorts/thin/sit/charcoal.png"
        },
        {
          "animation": "emote",
          "yOffset": 2176,
          "path": "spritesheets/legs/shorts/shorts/thin/emote/charcoal.png"
        },
        {
          "animation": "run",
          "yOffset": 2432,
          "path": "spritesheets/legs/shorts/shorts/thin/run/charcoal.png"
        },
        {
          "animation": "combat_idle",
          "yOffset": 2688,
          "path": "spritesheets/legs/shorts/shorts/thin/combat_idle/charcoal.png"
        },
        {
          "animation": "backslash",
          "yOffset": 2944,
          "path": "spritesheets/legs/shorts/shorts/thin/backslash/charcoal.png"
        },
        {
          "animation": "halfslash",
          "yOffset": 3200,
          "path": "spritesheets/legs/shorts/shorts/thin/halfslash/charcoal.png"
        }
      ]
    },
    {
      "itemId": "torso_clothes_tshirt",
      "typeName": "clothes",
      "variant": "gray",
      "layerKey": "layer_1",
      "layerNum": 1,
      "zPos": 35,
      "animations": [
        {
          "animation": "spellcast",
          "yOffset": 0,
          "path": "spritesheets/torso/clothes/shortsleeve/tshirt/teen/spellcast/gray.png"
        },
        {
          "animation": "thrust",
          "yOffset": 256,
          "path": "spritesheets/torso/clothes/shortsleeve/tshirt/teen/thrust/gray.png"
        },
        {
          "animation": "walk",
          "yOffset": 512,
          "path": "spritesheets/torso/clothes/shortsleeve/tshirt/teen/walk/gray.png"
        },
        {
          "animation": "slash",
          "yOffset": 768,
          "path": "spritesheets/torso/clothes/shortsleeve/tshirt/teen/slash/gray.png"
        },
        {
          "animation": "shoot",
          "yOffset": 1024,
          "path": "spritesheets/torso/clothes/shortsleeve/tshirt/teen/shoot/gray.png"
        },
        {
          "animation": "hurt",
          "yOffset": 1280,
          "path": "spritesheets/torso/clothes/shortsleeve/tshirt/teen/hurt/gray.png"
        },
        {
          "animation": "climb",
          "yOffset": 1344,
          "path": "spritesheets/torso/clothes/shortsleeve/tshirt/teen/climb/gray.png"
        },
        {
          "animation": "idle",
          "yOffset": 1408,
          "path": "spritesheets/torso/clothes/shortsleeve/tshirt/teen/idle/gray.png"
        },
        {
          "animation": "jump",
          "yOffset": 1664,
          "path": "spritesheets/torso/clothes/shortsleeve/tshirt/teen/jump/gray.png"
        },
        {
          "animation": "sit",
          "yOffset": 1920,
          "path": "spritesheets/torso/clothes/shortsleeve/tshirt/teen/sit/gray.png"
        },
        {
          "animation": "emote",
          "yOffset": 2176,
          "path": "spritesheets/torso/clothes/shortsleeve/tshirt/teen/emote/gray.png"
        },
        {
          "animation": "run",
          "yOffset": 2432,
          "path": "spritesheets/torso/clothes/shortsleeve/tshirt/teen/run/gray.png"
        },
        {
          "animation": "combat_idle",
          "yOffset": 2688,
          "path": "spritesheets/torso/clothes/shortsleeve/tshirt/teen/combat_idle/gray.png"
        },
        {
          "animation": "backslash",
          "yOffset": 2944,
          "path": "spritesheets/torso/clothes/shortsleeve/tshirt/teen/backslash/gray.png"
        },
        {
          "animation": "halfslash",
          "yOffset": 3200,
          "path": "spritesheets/torso/clothes/shortsleeve/tshirt/teen/halfslash/gray.png"
        }
      ]
    },
    {
      "itemId": "heads_human_male",
      "typeName": "head",
      "variant": "light",
      "layerKey": "layer_1",
      "layerNum": 1,
      "zPos": 100,
      "animations": [
        {
          "animation": "spellcast",
          "yOffset": 0,
          "path": "spritesheets/head/heads/human/male/spellcast/light.png"
        },
        {
          "animation": "thrust",
          "yOffset": 256,
          "path": "spritesheets/head/heads/human/male/thrust/light.png"
        },
        {
          "animation": "walk",
          "yOffset": 512,
          "path": "spritesheets/head/heads/human/male/walk/light.png"
        },
        {
          "animation": "slash",
          "yOffset": 768,
          "path": "spritesheets/head/heads/human/male/slash/light.png"
        },
        {
          "animation": "shoot",
          "yOffset": 1024,
          "path": "spritesheets/head/heads/human/male/shoot/light.png"
        },
        {
          "animation": "hurt",
          "yOffset": 1280,
          "path": "spritesheets/head/heads/human/male/hurt/light.png"
        },
        {
          "animation": "climb",
          "yOffset": 1344,
          "path": "spritesheets/head/heads/human/male/climb/light.png"
        },
        {
          "animation": "idle",
          "yOffset": 1408,
          "path": "spritesheets/head/heads/human/male/idle/light.png"
        },
        {
          "animation": "jump",
          "yOffset": 1664,
          "path": "spritesheets/head/heads/human/male/jump/light.png"
        },
        {
          "animation": "sit",
          "yOffset": 1920,
          "path": "spritesheets/head/heads/human/male/sit/light.png"
        },
        {
          "animation": "emote",
          "yOffset": 2176,
          "path": "spritesheets/head/heads/human/male/emote/light.png"
        },
        {
          "animation": "run",
          "yOffset": 2432,
          "path": "spritesheets/head/heads/human/male/run/light.png"
        },
        {
          "animation": "combat_idle",
          "yOffset": 2688,
          "path": "spritesheets/head/heads/human/male/combat_idle/light.png"
        },
        {
          "animation": "backslash",
          "yOffset": 2944,
          "path": "spritesheets/head/heads/human/male/backslash/light.png"
        },
        {
          "animation": "halfslash",
          "yOffset": 3200,
          "path": "spritesheets/head/heads/human/male/halfslash/light.png"
        }
      ]
    },
    {
      "itemId": "face_neutral",
      "typeName": "expression",
      "variant": "light",
      "layerKey": "layer_1",
      "layerNum": 1,
      "zPos": 101,
      "animations": [
        {
          "animation": "spellcast",
          "yOffset": 0,
          "path": "spritesheets/head/faces/male/neutral/spellcast/light.png"
        },
        {
          "animation": "thrust",
          "yOffset": 256,
          "path": "spritesheets/head/faces/male/neutral/thrust/light.png"
        },
        {
          "animation": "walk",
          "yOffset": 512,
          "path": "spritesheets/head/faces/male/neutral/walk/light.png"
        },
        {
          "animation": "slash",
          "yOffset": 768,
          "path": "spritesheets/head/faces/male/neutral/slash/light.png"
        },
        {
          "animation": "shoot",
          "yOffset": 1024,
          "path": "spritesheets/head/faces/male/neutral/shoot/light.png"
        },
        {
          "animation": "idle",
          "yOffset": 1408,
          "path": "spritesheets/head/faces/male/neutral/idle/light.png"
        },
        {
          "animation": "jump",
          "yOffset": 1664,
          "path": "spritesheets/head/faces/male/neutral/jump/light.png"
        },
        {
          "animation": "sit",
          "yOffset": 1920,
          "path": "spritesheets/head/faces/male/neutral/sit/light.png"
        },
        {
          "animation": "emote",
          "yOffset": 2176,
          "path": "spritesheets/head/faces/male/neutral/emote/light.png"
        },
        {
          "animation": "run",
          "yOffset": 2432,
          "path": "spritesheets/head/faces/male/neutral/run/light.png"
        },
        {
          "animation": "combat_idle",
          "yOffset": 2688,
          "path": "spritesheets/head/faces/male/neutral/combat_idle/light.png"
        },
        {
          "animation": "backslash",
          "yOffset": 2944,
          "path": "spritesheets/head/faces/male/neutral/backslash/light.png"
        },
        {
          "animation": "halfslash",
          "yOffset": 3200,
          "path": "spritesheets/head/faces/male/neutral/halfslash/light.png"
        }
      ]
    },
    {
      "itemId": "hair_plain",
      "typeName": "hair",
      "variant": "dark brown",
      "layerKey": "layer_1",
      "layerNum": 1,
      "zPos": 120,
      "animations": [
        {
          "animation": "spellcast",
          "yOffset": 0,
          "path": "spritesheets/hair/plain/adult/spellcast/dark_brown.png"
        },
        {
          "animation": "thrust",
          "yOffset": 256,
          "path": "spritesheets/hair/plain/adult/thrust/dark_brown.png"
        },
        {
          "animation": "walk",
          "yOffset": 512,
          "path": "spritesheets/hair/plain/adult/walk/dark_brown.png"
        },
        {
          "animation": "slash",
          "yOffset": 768,
          "path": "spritesheets/hair/plain/adult/slash/dark_brown.png"
        },
        {
          "animation": "shoot",
          "yOffset": 1024,
          "path": "spritesheets/hair/plain/adult/shoot/dark_brown.png"
        },
        {
          "animation": "hurt",
          "yOffset": 1280,
          "path": "spritesheets/hair/plain/adult/hurt/dark_brown.png"
        },
        {
          "animation": "climb",
          "yOffset": 1344,
          "path": "spritesheets/hair/plain/adult/climb/dark_brown.png"
        },
        {
          "animation": "idle",
          "yOffset": 1408,
          "path": "spritesheets/hair/plain/adult/idle/dark_brown.png"
        },
        {
          "animation": "jump",
          "yOffset": 1664,
          "path": "spritesheets/hair/plain/adult/jump/dark_brown.png"
        },
        {
          "animation": "sit",
          "yOffset": 1920,
          "path": "spritesheets/hair/plain/adult/sit/dark_brown.png"
        },
        {
          "animation": "emote",
          "yOffset": 2176,
          "path": "spritesheets/hair/plain/adult/emote/dark_brown.png"
        },
        {
          "animation": "run",
          "yOffset": 2432,
          "path": "spritesheets/hair/plain/adult/run/dark_brown.png"
        },
        {
          "animation": "combat_idle",
          "yOffset": 2688,
          "path": "spritesheets/hair/plain/adult/combat_idle/dark_brown.png"
        },
        {
          "animation": "backslash",
          "yOffset": 2944,
          "path": "spritesheets/hair/plain/adult/backslash/dark_brown.png"
        },
        {
          "animation": "halfslash",
          "yOffset": 3200,
          "path": "spritesheets/hair/plain/adult/halfslash/dark_brown.png"
        }
      ]
    }
  ],
  "customAnimations": [],
  "customLayers": []
}
