filename,notes,authors,licenses,urls
"body/bodies/teen/backslash/olive.png","","bluecarrot16, Evert, TheraHedwig, Benjamin K. Smith (BenCreating), MuffinElZangano, Durrani, Pierre Vigier (pvigier), Eliza Wyatt (ElizaWy), Matthew Krohn (makrohn), Johannes Sjölund (wulax), Stephen Challener (Redshrike)","OGA-BY 3.0, CC-BY-SA 3.0, GPL 3.0","https://opengameart.org/content/liberated-pixel-cup-lpc-base-assets-sprites-map-tiles, https://opengameart.org/content/lpc-medieval-fantasy-character-sprites, https://opengameart.org/content/lpc-ladies, https://opengameart.org/content/lpc-teen-unisex-base-clothes, https://opengameart.org/content/lpc-jump-expanded, https://opengameart.org/content/lpc-revised-character-basics, https://opengameart.org/content/lpc-be-seated, https://gitlab.com/vagabondgame/lpc-characters, https://opengameart.org/content/lpc-male-jumping-animation-by-durrani, https://opengameart.org/content/lpc-jump-expanded"
"feet/shoes/basic/thin/backslash/black.png","original by wulax, edited for v3 base by bluecarrot16, Jump/Sit/Emote/Run/Revised Combat by JaidynReiman","JaidynReiman, bluecarrot16, Johannes Sjölund (wulax)","OGA-BY 3.0, CC-BY-SA 3.0, GPL 3.0","https://opengameart.org/content/lpc-medieval-fantasy-character-sprites, http://opengameart.org/content/lpc-clothing-updates, https://opengameart.org/content/lpc-expanded-socks-shoes"
"hair/plain/adult/backslash/dark_brown.png","","JaidynReiman, Manuel Riecke (MrBeast), Joe White","OGA-BY 3.0, CC-BY-SA 3.0, GPL 3.0","https://opengameart.org/content/liberated-pixel-cup-lpc-base-assets-sprites-map-tiles, https://opengameart.org/content/ponytail-and-plain-hairstyles, https://opengameart.org/content/lpc-expanded-hair"
"head/faces/male/neutral/backslash/olive.png","Original by Redshrike, Expressions by ElizaWy, mapped to all frames by JaidynReiman","JaidynReiman, ElizaWy, Stephen Challener (Redshrike)","OGA-BY 3.0","https://github.com/ElizaWy/LPC/tree/main/Characters/Head, https://opengameart.org/content/ulpc-expanded-expressions"
"head/heads/human/male/backslash/olive.png","original head by Redshrike, tweaks by BenCreating, modular version by bluecarrot16","bluecarrot16, Benjamin K. Smith (BenCreating), Stephen Challener (Redshrike)","OGA-BY 3.0, CC-BY-SA 3.0, GPL 3.0","https://opengameart.org/content/liberated-pixel-cup-lpc-base-assets-sprites-map-tiles, https://opengameart.org/content/lpc-character-bases"
"legs/shorts/shorts/thin/backslash/brown.png","Original bases by Redshrike, thrust/shoot bases by Wulax, original shorts by ElizaWy, climb/jump/run/sit/emotes/revised combat by JaidynReiman","ElizaWy, JaidynReiman, Johannes Sjölund (wulax), Stephen Challener (Redshrike)","OGA-BY 3.0","https://github.com/ElizaWy/LPC/tree/main/Characters/Clothing, https://opengameart.org/content/lpc-expanded-sit-run-jump-more, https://opengameart.org/content/lpc-expanded-pants"
"shadow/adult/hurt/shadow.png","","drjamgo@hotmail.com","CC0","https://opengameart.org/content/shadow-for-lpc-sprite"
"torso/clothes/shortsleeve/tshirt/teen/backslash/teal.png","original by ElizaWy; spellcast/thrust/shoot/hurt/male adapted from original by JaidynReiman","ElizaWy, JaidynReiman, Stephen Challener (Redshrike), Johannes Sjölund (wulax)","OGA-BY 3.0","https://opengameart.org/content/lpc-revised-character-basics, https://github.com/ElizaWy/LPC/tree/main/Characters/Clothing, https://opengameart.org/content/lpc-expanded-sit-run-jump-more, https://opengameart.org/content/lpc-expanded-simple-shirts"
